discarded_regions	query_alignment__compact__for_web_application	target_alignment__compact__for_web_application
0:38	KEMAKGVAVKVEEPRYKKDKQLNEKISLLRSDITKLEVDAIVNAANSSLLGGGGVDGCIHRAAGPLLTDECRTLQSCKTGKAKITGGYRLPAKYVIHTVGPIAYGEPSASQAAELRSCYLSSLDLLLEHRLRSVAFPCISTGVFGYPCEAAAEIVLATLREWLEQHKDKVDRLIICVFLEKDED	KEMAKGVAXXXXXXRYKKDKQLNEKISLLRSDITKLEVDAIVNAANSSLLGGGGVDGCIHRAAGPLLTDECRTLQSCKTGKAKITGGYRLPAKYVIHTVGPIAYGEPSASQAAELRSCYLSSLDLLLEHRLRSVAFPCISTGVFGYPCEAAAEIVLATLREWLEQHKDKVDRLIICVFLEKDED
0:43	NDEENTQETSQVKKSLTEKVSLYRGDITLLEVDAIVNAANASLLGGGGVDGCIHRAAGPCLLAECRNLNGCDTGHAKITCGYDLPAKYVIHTVGPIARGHINGSHKEDLANCYKSSLKLVKENNIRSVAFPCISTGIYGFPNEPAAVIALNTIKEWLAKNHHEVDRIIFCVFLEVDFKIYKKKMNEFFS	XXXXNTQEXXXXXKSLTEKVSLYRGDITLLEVDAIVNAANASLLGGGGVDGCIHRAAGPCLLAECRNLNGCDTGHAKITCGYDLPAKYVIHTVGPIARGHINGSHKEDLANCYKSSLKLVKENNIRSVAFPCISTGIYGFPNEPAAVIALNTIKEWLAKNHHEVDRIIFCVFLEVDFKIYKKKMNEFFS
0:13	IVQQGDLARLPVDVVVNASNEDLKHYGGLAAALSKAAGPELQADCDQIVKREGRLLPGNATISKAGKLPYHHVIHAVGPRWSGYEAPRCVYLLRRAVQLSLCLAEKYKYRSIAIPAISSGVFGFPLGRCVETIVSAIKENFQFKKDGHCLKEIYLVDVSEKTVEAFAEAVKTVF	IVQQGDLARLPVDVVVNASNEDLKHYGGLAAALSKAAGPELQADCDQIVKREGRLLPGNATISKAGKLPYHHVIHAVGPRWSGYEAPRCVYLLRRAVQLSLCLAEKYKYRSIAIPAISSGVFGFPLGRCVETIVSAIKENFQFKKXXHCLKEIYLVDVSEKTVEAFAEAVKTVF
0:201;252:109;497:1	LSQKELAIIHGPPGTGKTTTVVEIILQAVKQGLKVLCCAPSNIAVDNLVERLPESYFDVVVIDECAQALEASCWIPLLKARKCILAGDHKQLPPTTVSHKAALAGLSLSLMERLAEEYGARVVRTLTVQYRMHQAIMRWASDTMYLGQLTAHSSVARHLLRDLPGVAATEETGVPLLLVDTAGCGLFLEEEDEQSKGNPGEVRLVSLHIQALVDAGVPARDIAVVSPYNLQVDLLRQSLVHRHPELEIKSVDGFQGREKEAVILSFVRSNRKGEVGFLAEDRRINVAVTRARRHVAVICDSR	LSQKELAIIHGPPGTGKTTTVVEIILQAVKQGLKVLCCAPSNIAVDNLVERLPESYFDVVVIDECAQALEASCWIPLLKARKCILAGDHKQLPPTTVSHKAALAGLSLSLMERLAEEYGARVVRTLTVQYRMHQAIMRWASDTMYLGQLTAHSSVARHLLRDLPGVAATEETGVPLLLVDTAGCGLFLEXXXXXSKGNPGEVRLVSLHIQALVDAGVPARDIAVVSPYNLQVDLLRQSLVHRHPELEIKSVDGFQGREKEAVILSFVRSNRKGEVGFLAEDRRINVAVTRARRHVAVICDSR
0:754;855:349	EAKTLIVEPHVIPNRGPYPYNQPKRNTIQFTHTQIEAIRAGMQPGLTMVVGPPGTGKTDVAVQIISNIYHNFPEQRTLIVTHSNQALNQLFEKIMALDIDEKISILTTYNGQKHLIRDIINRRCGNNPLIGRPNKVTTVDRFQGQQNDYILLSLVRTRAVGHLRDVRRLVVAMSRARLGLYI	EAKTLIVEPHVIPNRGPYPYNQPKRNTIQFTHTQIEAIRAGMQPGLTMVVGPPGTGKTDVAVQIISNIYHNFPEQRTLIVTHSNQALNQLFEKIMALDIDEKISILTTYNGQKHLIRDIINRRCGNNPLIGRPNKVTTVDRFQGQQNDYILLSLVRTRAVGHLRDVRRLVVAMSRARLGLYI
0:65	RDLLQEGLTELNSTAIKPQVQPWINSFFSVSHNIEEEEFNDYEANDPWVQQFILNLEQQMAEFKASLSPVIYDSLTGLMTSLVAVELEKVVLKSTFNRLGGLQFDKELRSLIAYL	RDLLQEGLTELNSTAIKPQVQPWINSFFSVSHNIEEEEFNDYEANDPWVQQFILNLEQQMAEFKASLSPVIYDSLTGLMTSLVAVELEKVVLKSTFNRLGGLQFDKELRSLIAYL
0:606;855:12;876:2;887:26;932:4	QRQAMKKVLLSKDYTLIVGMPGTGKTTTICTLVRILYACGFSVLLTSYTHSAVDNILLKLAKFKIGFLRLGQIQKVHPAIQQFTEQEICRSKSIKSLALLEELYNSQLIVATTCMGINHPIFSRKIFDFCIVDEASQISQPICLGPLFFSRRFVLVGDHQQLPPLVLNREARALGMSESLFKRLEQNKSAVVQLTVQYRMNSKIMSLSNKLTYEGKLECGSDKVANAVINLRHFKDVKLELEFYADYSDPVCFLNTDKAPEQVEKGGIGIIAPYRQQLKIINDLLAGMVEVNTVDKYQGRDKSIVLVSFVRSNKDGTVGELLKDWRRLNVAITRAK	QRQAMKRVLLSKDYTLIVGMPGTGKTTTICALVRILSACGFSVLLTSYTHSAVDNILLKLAKFKVGFLRLGQSHKVHPDIQKFTEEEICRSRSIASLAHLEELYNSHPIVATTCMGINHPIFSRKTFDFCIVDEASQISQPVCLGPLFFSRRFVLVGDHQQLPPLVVNREARALGMSESLFKRLERNESAVVQLTVQYRMNRKIMSLSNKLTYAGKLECGSDRVANAVLALPNLKDARLSLQLYADYSDPVCFLNTDKAPEQVENGGIGVIAPYRQQLRIISDLLAGMVEVNTVDKYQGRDKSLILVSFVRSNEDGTLGELLKDWRRLNVALTRAK
0:52;222:1	KEGFVVETYTGLIKTAMLFHNMRRSYFKFQVIATDDYGKGLSGKADVLVSVVNQLDMQVIVSNVPPTLVEKKIEDLTEILDRYVQEQIPGAKVVVESIGARRHGDAFSLEDYTKCDLTVYAIDPQTNRAIDRNELFKFLDGKLLDINKDFQPYYGEGGRILEIRTPEAVTIKKRGESLGYTEGALLALAFIIILCCIPAILVVLVSY	KEGFVVETYTGLIKTAMLFHNMRRSYFKFQVIATDDYGKGLSGKADVLVSVVNQLDMQVIVSNVPPTLVEKKIEDLTEILDRYVQEQIPGAKVVVESIGARRHGDAYSLEDYSKCDLTVYAIDPQTNRAIDRNELFKFLDGKLLDINKDFQPYYGEGGRILEIRTPEAVTIKKRGESLGYTEGALLALAFIIILCCIPAILVVLVSY
0:162	RFYEKEMECAGTYDGSIDACKGDSGGPLVCMDANNVTYVWGVVSWGENCGKPEFPGVYTKVANYFDWISYHVGR	RFYEKEMECAGTYDGSIDACKGDSGGPLVCMDANNVTYVWGVVSWGENCGKPEFPGVYTKVANYFDWISYHVGR
0:142	RPYLFQSDPSGAYFAWKATAMGKNYVNGKTFLEKRYNEDLELEDAIHTAILTLKESFEGQMTEDNIEVGICNEAGFRRLTPTE	RPYLFQSDPSGAYFAWKATAMGKNYVNGKTFLEKRYNEDLELEDAIHTAILTLKESFEGQMTEDNIEVGICNEAGFRRLTPTE
0:0	GFTPLHIAAHYENLNVAQLLLNRGASVNFTPQNGITPLHIASRRGNVIMVRLLLDRGAQIETKTK	GITPLHVASKRGNTNMVKLLLDRGGQIDAKTRDGLTPLHCAARSGHDQVVELLLERGAPLLARTK
0:159;357:1;387:12;406:14;447:33;502:4;525:4	YHKLLGHEVEDVIIKCQLPKRFTAQGLPDLNHSQVYAVKTVLQRPLSLIQGPPGTGKTVTSATIVYHLARQGNGPVLVCAPSNIAVDQLTEKIHQTGLKVVRLCAKSREAIDSPVSFLALHNQIRNMDSMPELQKLQQLKDETGELSSADEKRYRALKRTAERELLMNADVICCTCVGAGDPRLAKMQFRSILIDESTATEPECMVPVVLGAKQLILVGDHCQLGPVQSLFERLRMHPALSAFPSNIFYEGSLQNGVTAADSYLNRTEAANVEKITTKLLKAGQIGIITPYEGQRSYLVQYMSLHTKLYQEVEIASVDAFQGREKDFIILSCVRANEHQGIGFLNDPRRLNVALTRARYGVIIVGNPKAL	YHKLLGHEVEDVIIKCQLPKRFTAQGLPDLNHSQVYAVKTVLQRPLSLIQGPPGTGKTVTSATIVYHLARQGNGPVLVCAPSNIAVDQLTEKIHQTGLKVVRLCAKSREAIDSPVSFLALHNQIRNMDSMPELQKLQQLKDETGELSSADEKRYRALKRTAERELLMNADVICCTCVGAGDPRLAKMQFRSILIDESTATEPECMVPVVLGAKQLILVGDHCQLGPVQSLFERLRMHPALSAFPSNIFYEGSLQNGVTAADSYLNRTEAANVEKITTKLLKAGQIGIITPYEGQRSYLVQYMSLHTKLYQEVEIASVDAFQGREKDFIILSCVRANEHQGIGFLNDPRRLNVALTRARYGVIIVGNPKAL
0:14	FAFQAEIAQLMSLIINTFYSNKEIFLRELISNASDALDKIRYESLTDPSKLDSGKELKID	FAFQAEIAQLMSLIINTFYSNKEIFLRELISNASDALDKIRYESLTDPSKLDSGKELKID
0:272	AKFSRPAQLHIGFQALHQFCAQHGRPPRPRNEEDAAELVALAQAVNARALPAVQQNNLDEDLIRKLAYVAAGDLAPINAFIGGLAAQEVMKACSGKFMPIMQWLYFDALECLPEDKEVLTEDKCL	AKFSRPAQLHIGFQALHQFCAQHGRPPRPRNEEDAAELVALAQAVNARALPAVQQNNLDEDLIRKLAYVAAGDLAPINAFIGGLAAQEVMKACSGKFMPIMQWLYFDALECLPEDKEVLTEDKCL
0:45	TVDWAFDLTKTNMQTMYEQSEWGWKDREKREEMTDDRAWYLIAWENSSVPVAFSHFRFDVECGDEVLYCYEVQLESKV	TVDWAFDLTKTNMQTMYEQSEWGWKDREKREEMTDDRAWYLIAWENSSVPVAFSHFRFDVECGDEVLYCYEVQLESKV
0:14	FAFQAEIAQLISLIINTFYSNEEIFLQELISNASDALDKIRYESLTDPSKLDSGKELKID	FAFQAEIAQLMSLIINTFYSNKEIFLRELISNASDALDKIRYESLTDPSKLDSGKELKID
0:9	FAFQAEIAQLMSLIINTFYSNKEIFLRELISNSSDALDKIRYESLTDPSKLD	FAFQAEIAQLMSLIINTFYSNKEIFLRELISNSSDALDKIRYESLTDPSKLD
0:24	PISNHLYFYWYRQILGQKVEFLVSFYNNEISEKSEIFDDQFSVERPDGSNFTLKIRSTKL	PISNHLYFYWYRQILGQKVEFLVSFYNNEISEKSEIFDDQFSVERPDGSNFTLKIRSTKL
0:84	NYYVRILSTIDRELLKPNASVALHKHSNALVDVLPPEADSSIMMLTSDQKPDVMYADIGGMDIQKQEVREAVE	NYYVRILSTIDRELLKPNASVALHKHSNALVDVLPPEADSSIMMLTSDQKPDVMYADIGGMDIQKQEVREAVE
0:16	FDGGVVLGADSRTTTGSYIANRVTDKLTPIHDRIFCCRSGSAADTQAVADAVTYQLGFHSIELNEPPLVHTAASLFKEMCYRYREDLMAGIIIAGWDPQEGGQVYSVPMGGMMVRQSFAIGGSGSSYIYGYVDATYREGMTKEECLQFTANALA	FDGGVVLGADSRTTTGSYIANRVTDKLTPIHDRIFCCRSGSAADTQAVADAVTYQLGFHSIELNEPPLVHTAASLFKEMCYRYREDLMAGIIIAGWDPQEGGQVYSVPMGGMMVRQSFAIGGSGSSYIYGYVDATYREGMTKEECLQFTANALA
0:3	PFTNLPHTPRYYDILKKRLQLPVWEYKDRFTDILVRHQSFVLVGETGSGKTTQIPQWCVEYMRSLPG	PFTNLPHTPRYYDILKKRLQLPVWEYKDRFTDILVRHQSFVLVGETGSGKTTQIPQWCVEYMRSLPG
0:16	KDFRFMATNDLMTELQKDSIKLDDDSERKVVKMILKLLEDKNGEVQNLAVKCLGPLVSKVKEYQVETIVDTLCTNMLSDKEQLRDISSIGLKTVIGELPPASSGSALAANVCKKITGRLTSAIAKQEDVSVQLEALDIMA	KDFRFMATNDLMTELQKDSIKLDDDSERKVVKMILKLLEDKNGEVQNLAVKCLGPLVSKVKEYQVETIVDTLCTNMLSDKEQLRDISSIGLKTVIGELPXXXXXSALAANVCKKITGRLTSAIAKQEDVSVQLEALDIMA
0:43;71:7;83:14;131:0;151:3	KDVNGKVVLWKGDVALLNCTAIVNTSNEVSESILKGCRTGEAKLTKGFNLAARFIIHTVGPKYKSRYRTAAESSLYSCYRNVLQLAKMSSVGFCVINSAKRGYPLEDATHIALRTVRRFLEI	KDVNGKVVLWKGDVALLNCTAIVNTSNEVSESILKGCRTGEAKLTKGFNLAARFIIHTVGPKYKSRYRTAAESSLYSCYRNVLQLAKMSSVGFCVINSAKRGYPLEDATHIALRTVRRFLEI
0:30	IKNLMSQLGTKQDSSKLQENLQQLQHSTNQLAKETNELLKELGSLPLPLSTSEQRQQRLQKERLMNDFSAALNNFQAVQRRVSEKEKESIARARAGS	IKNLMSQLGTKQDSSKLQENLQQLQHSTNQLAKETNELLKELGSLPLPLSTSEQRQQRLQKERLMNDFSAALNNFQAVQRRVSEKEKESIARSGPSS
0:161	LRCEHCARFLADRFVEGVCPFCGYEEARGDQCDKCGKLINAVELKKPQCKVCRSCPVVQSSQ	LRCEHCARFLADRFVEGVCPFCGYEEARGDQCDKCGKLINAVELKKPQCKVCRSCPVVQSSQ
0:283	IRDTLPNFRNKLQGQLLSIEHEVEAYKNFKPEDPTRKTKALLQMVQQFAVDFEKRIEGSGDQVDTLE	IRDTLPNFRNKLQGQLLSIEHEVEAYKNFKPEDPTRKTKALLQMVQQFAVDFEKRIEGXXXXXXXXX
0:0	TTIAGVVYKDGIVLGADTRATEGMVVADKNCSKIHFISPNIYCCGAGTAADTDMT	TTIAGVVYKDGIVLGADTRATEGMVVADKNCSKIHFISPNIYCCGAGTAADTDMT
0:235	DITNVCRDASLMAMRRRINGLSPEEIRALSKEELQMPVTKGDFELALKKIAKSVSAADLE	DITNVCRDASLMAMRRRINGLSPEEIRALSKEELQMPVTKGDFELALKKIAKSVSAADLE
0:119	LINYGTKGKVRLPALHIAARNDDTRTAAVLLQNDPNPDVLSKTGFTPLHIAAHYENLNVAQLLLNRGASVNFTPQNGITPLHIASRRGNVIMVRLLLD	-------------ALHVAAHCGHYRVTKLLLDKRANPNARALNGFTPLHIACKKNRIKVMELLVKYGASIQAITESGLTPIHVAAFMGHLNIVLLLLQ
0:0	LHIAARNDDTRTAAVLLQNDPNPDVLSKTGFTPLHIAAHYENLNVAQLLLNRGASVNFTPQNGITPLHIASRRGNVIMVRLLLDR	LHVASKRGNTNMVKLLLDRGGQIDAKTRDGLTPLHCAARSGHDQVVELLLERGAPLLARTKNGLSPLHMAAQGDHVECVKHLLQH
0:0	NGITPLHIASRRGNVIMVRLLLDRGAQIETKTKD	NGITPLHVASKRGNTNMVKLLLDRGGQIDAKTRD
0:6	FAFQAEIAQLMSLIINTFYSNKEIFLWELISNASDALDKIRYESLTDPSKLDSGKELKID	FAFQAEIAQLMSLIINTFYSNKEIFLRELISNSSDALDKIRYESLTDPSKLDSGKELHIN
0:64	RVARQAQLEAQKATQDFQRATEVLRAAKETISLAEQRLLEDDKRQFDSAWQEMLNHATQRVMEAEQTKTRSELVHKETAARYNAAMGRMRQLEKKLKRAINKSKPYFELKAKYYVQLEQL	RVARQAQLEAQKATQDFQRATEVLRAAKETISLAEQRLLEDDKRQFDSAWQEMLNHATQRVMEAEQTKTRSELVHKETAARYNAAMGRMRQLEKKLKRAINKSKPYFELKAKYYVQLEQL
0:46	VLLKNIRENEITGALLPCLDESRFENLGVSSLGERKKLLSYIQRLVQIHVDTMKVI	VLLKNIRENEITGALLPCLDESRFENLGVSSLGERKKLLSYIQRLVQIHVDTMKVI
0:192	VTVKMSTYLVAFIISDFESVSKITKSGVKVSVYAVPDKINQADYALDAAVTLLEFYEDYFSIPYPLPKQDLAAIPDF	VTVKMSTYLVAFIISDFESVSKITKSGVKVSVYAVPDKINQADYALDAAVTLLEFYEDYFSIPYPLPKQDLAAIPDF
0:0	KYLKSVLRELVTYLLFLIVLCILTYGMMSSNVYYYTRMMSQLFLDTPVSKT	KYLKSVLRELVTYLLFLIVLCILTYGMMSSNVYYYTRMMSQLFLDTPVSKT
0:135	FGFPLGRCVETIVSAIKENFQFKKDGHCLKEIYLVDVSEKTVEAFAEAVKTVFKATLPDTAAPP	FGFPLGRCVETIVSAIKENFQFKKDGHCLKEIYLVDVSEKTVEAFAEAVKTVFXXXXXXXXXXX
0:361	NIRIMAKYYTRITMKRMAQLLDLSVDESEAFLSNLVVNKTIFAKVDRLAGIINFQRPK	NIRIMAKYYTRITMKRMAQLLDLSVDESEAFLSNLVVNKTIFAKVDRLAGIINFQRPK
0:0	TRTGRLKKPFVKVEDMSQLYRPFYLQLTNMPFIN	TRTGRLKKPFVKVEDMSQLYRPFYLQLTNMPFIN
0:39	QQPLSLVGCEVVPDPSPDHLYSFRILHKGEELAKLEAKSSEEMGHWLGLLLSESGS	QQPLSLVGCEVVPDPSPDHLYSFRILHKGEELAKLEAKSSEEMGHWLGLLLSESGS
0:160	RDKSVTDSVMGPKYVVPVESSLGKEKGLEILSLFVNMKKADLPEQAHSIIKECKGSPLVVSLIG	RDKSVTDSVMGPKYVVPVESSLGKEKGLEILSLFVNMKKADLPEQAHSIIKECKGSPLVVSLIG
0:219	YSAYIPENNPRGASILSMTAQDPDSGDNARITYSLAEDTFQGAPLSSYVSINSNTGILYALCSFDYEQFRDLQLLMTASDSGDPPLSSNVSLSLFVLDQNDNVPEILYPTFPTDGSTGV	YSAYIPENNPRGASILSITAQDPDSGENAQVIYSLSEDTIQGAPMSSYVSINSNTGVLYALRSFDYEQFQDLKLLVTARDSGTPPLSSNVSLSLSVLDQNDNTPEILYPTIXXXXSTGV
0:313	PGRLDRKIEFSLPDLEGRTHIFKIHARSMSVERDIRFELLARL	PGRLDRKIEFSLPDLEGRTHIFKIHARSMSVERDIRFELLARL
0:123	HCPAGWRSLWIGYSFLMHTAAGDEGGGQSLVSPGSCLEDFRATPFIECNGGRGTCHYYANKYSFWL	HCPAGWRSLWIGYSFLMHTAAGDEGGGQSLVSPGSCLEDFRATPFIECNGGRGTCHYYANKYSFWL
0:0	LPWCCICNEDATLRCAGCDGDLFCARC	LPWCCICNEDATLRCAGCDGDLYCARC
0:532	CFIYTSSVNRLNYYVGGEIVTIAHLDRTMYLLGYIPKDNRLYLGDKELNIISYSLLVSVLEYQTAVMRRDFSMADKVLPTIPKEQRTRVAHFLEKQGFKQQALTVSTD	CFIYTSSVNRLNYYVGGEIVTIAHLDRTMYLLGYIPKDNRLYLGDKELNIVSYSLLVSVLEYQTAVMRRDFSMADKVLPTIPKEQRTRVAHFLEKQGFKQQALTVSTD
0:283;305:3	IRDTLPNFRNKLQGQLLSIEHEYKNFKPEDPTRKTKALLQMVQQFAVDFEKRIEGSGDQVDTLE	IRDTLPNFRNKLQGQLLSIEHEYXXXXXXXPTRKTKALLQMVQQFAVDFEKRIEGSGDQVDTLE
0:4	SLKICVRHCNVVKTMQFEPSTAVYDACRVIRERVPE	SLKICVRHCNVVKTMQFEPSTAVYDACRVIRERVPE
0:6;98:15	CQRPTPLTHHNTGLSEALEILAEAAGFEGSEGRLLTFCRAASVLKALPSPVTTLSQLQGLPHFGEHSSRVVQELLEHGVCEEVERVRRSERYTADRW	CQRPTPLTHHNTGLSEALEILAEAAGFEGSEGRLLTFCRAASVLKALPSPVTTLSQLQGLPHFGEHSSRVVQELLEHGVCEEVERVRRSERYTADRW
0:59	FRMFIGDLDKVVNLLLSLSGRLARVENALNNLDD	FRMFIGDLDKVVNLLLSLSGRLARVENALNNLDD
0:279	SYPNGYPFLFWEQYIGLRHWLLLFISVVLACTFLVCAVFLLNPWTAGIIVMVLALMTVELFGMMGL	SYPNGYPFLFWEQYIGLRHWLLLFISVVLACTFLVCAVFLLNPWTAGIIVMVLALMTVELFGMMGL
0:131	GDNVLLDEPAYSGTLQSLHPLGCNIINVASDESGIVPDSLRDILSR	GDNVLLDEPAYSGTLQSLHPLGCNIINVASDESGIVPDSLRDILSR
0:31	DFIFMSPMEQTSTSEGWIYGTSLTTGCSGLLPENYITKA	DFIFMSPMEQTSTSEGWIYGTSLTTGCSGLLPENYITKA
0:0	GPPAPRHLHAQALSDSEIQLTWKHPEALPGPISKYVVEVQVAGGAGD	GPPAPRHLHAQALSDSEIQLTWKHPEALPGPISKYVVEVQVAGXXXD
0:295	MKNLDFSVIVANKAAFHKSIRSKYKPTPIPIKVKVKNVKEGIHFKSSVISIYVSESMDRSSKGQIIGNF	MKNLDFSVIVANKAAFHKSIRSKYKPTPIPIKVKVKNVKEGIHFKSSVISIYVSESMDRSSKGQIIGNF
0:0;7:6;18:4	MDNVTVRLRCTITRVAWLNRSTILYAGNDKWSIDPRVIILVNTPTQYSIMIQNV	MDNVTVRLRCTITRVAWLNRSTILYAGNDKWSIDPRVIILVNTPTQYSIMIQNV
0:172	STWNLDHIIEKKRTIIPTLVEAIKEQDGREVDWE	STWNLDHIIEKKRTVVPTLAEAI--QDGREVNWE
0:64	WELDLDIKEVFVHPNYSKSTTDNDIALLHLAQPATLSQT	WELDLDIKEVFVHPNYSKSTTDNDIALLHLAQPATLSQT
0:44	EIPLHFRKVVWGTADIMIGFARGAHGDSYPFDGPGNTLAHAFAPGTGLGGDAHFDEDERWTDGSSLGINFLYAATHELGHSLGMG	EIPLHFRKVVWGTADIMIGFARGAHGDSYPFDGPGNTLAHAFAPGTGLGGDAHFDEDERWTDGSSLGINFLYAATHELGHSLGMG
0:260	GARRHGDAFSLEDYTKCDLTVYAIDPQTNRAIDRNELFKFLDGKLLD	GARRHGDAFSLEDYTKCDLTVYAIDPQTNRAVDRNELFKFLDGKLLD
0:2	QVATVMWDYFSQLSNNAKEAVEHLQKS------ELTQQLNALFQDKLGEVNTYAGD-----------LQKKLVPFATELHERL-----------AKDSEKLKEEIGKELEELRARLLPHANEVSQKIGDNLRELQQRLEPYADQLRTQVNTQAEQLRRQLTPYAQRM	QLRRQLTPYAQRMERVLRENADSLQASLRPHADELKAKIDQNVEELKGRLTPYADEFKVKIDQTVEELRRSLAPYAQDTQEKLNHQLEGLTFQMKKNAEELKARISASAEELRQRLAPLAEDVRGNLRGNTEGLQKSLA----ELGGHLDQQVEEFRRRVEPYGENF
0:196	MKNLDFSVIVANKAAFHKSIRSKYKPTPIPIKVKVKNVKEGI	MKNLDFSVIVANKAAFHKSIRSKYKPTPIPIKVKVKNVKEGI
0:55	NGIGKELHEQLVALDKQNKHTSYISGPWF	TGVGKELHAHLLAQDKQNKHTSYISGPWF
0:201	LYQIIRKALCAGSLLGCSIDVSSAAEAEAITSQKLVKSHAYSVTGVEEVNFQGHPEKLIR	LYQIIRKALXAGSLLGCSIDVYSAAEAEAITSQKLVKSHAYSVTGVEEVNFQGHPEKLIR
0:88	VDVCTTDRSHLEECLGGAQISLAEVCRSG	VDVCTTDRSHLEECLGGAQISLAEVCRSG
0:0;26:95	WTYHYSTKAYSWNISRKYCQNRYTDLCQDMSCSKQGECLETIGNYTCSCYP	WTYHYSTKAYSWNISRKYCQNRYTDLCQDMSCSKQGECLETIGNYTCSCYP
0:100;160:11	IYDTVSLSAQPGPTVASGENVTLLCQSRGYFDTFLLTKEGAAHPPLRLRSMYGAHKYQAEGTYRCYGSYSSNPHLL	FYDRVSLSVQPGPTVASGENVTLLCQSQGWMQTFLLTKEGAADDPWRLRSTYQSQKYQAEGTYRCYGSQSSKPYLL
0:139	LLQNSENITIENTEHYTHLVMKNVQRKTHAGKY	LLQNSENITIENTEHYTHLVMKNVQRKTHAGKY
0:204	VGSRTQDECILHFLRLPIEDPYLEDSEASLGPLAYQPIPFSQSGNPVMSTVAFLASVVDPRVASAAAKSALEE	VGSRTQDECILHFLRLPIEDPYLEDXXXXLGPLAYQPIPFSQSGNPVMSTVAFLASVVDPRVASAAAKSALEE
0:102	LIPERTVWKYFVQLCSAVEHMHSRRVMHRDIKPANVFITATGVVKLGD	LIPERTVWKYFVQLCSALEHMHSRRVMHRDIKPANVFITATGVVKLGD
0:571;618:4	KEFSKAEAFFPNMVNMLVLGKHLGIPKPFGPVINGRCCLEEKVCSLLLQCTFINDFFTYH	KEFSKAEAFFPNMVNMLVLGKHLGIPKPFGPVINGRCCLEEKVCSLLLQCTFINDFFTYH
0:29	VDGDPDNYIAYYRRATVFLAMGKSK	VDGDPDNYIAYYRRATVFLAMGKSK
0:266	NSGLHTINLAGNPLEDRGVSSLSIQFAKLPKGLKHLNLSKTSLSPK	NSGLHTINLAGNSLEDRGVSSLSIQFAKLPKGLKHLNLSKTSLSPK
0:29	RITNFTTSWRNGLAFCAILHRFYPDKIDYASLDPLNIKQN	KITNFTTSWRNGLSFCAILHHFRPDLIDYKSLNPQDIKEN
0:214	VKFPFPAASTNLQKALSKALESRDEVKTKWGVSDFIKAFIKFHGHVYLSK	VKFPFPAASTNLQKALSKALESRDEVKTKWGVSDFIKAFIKFHGHVYLSK
0:71	NGPLEVAGAAVSAGHGLPAKFVIHCNSPVWGADKCEEL	NGPLEVAGAAVSAGHGLPAKFVIHCNSPVWGADKCEEL
0:110	KRLIPERTVWKYFVQLCSALEHMHSRRVMHRDIKPANVFITATGVVKLGD	KRLIPERTVWKYFVQLCSALEHMHSRRVMHRDIKPANVFITATGVVKLGD
0:433;441:1;508:2;515:7;544:5;568:0;577:10	EIRFYATGISSAFLFGATGKYGNQVSEHTLGTVHTHSAHFKVDLDVAGLENWVWAEDMVFVPMAVPWSPEHQLQQVTRKAAFLVGSATPRYLYLASNHSNKGYRIQMLSFAGEPLPQNSSMARGFSWEREEPSSSSVFNQNDPWAPTVD	EIRFYATGISSAFLFGATGKYGNQVSEHTLGTVHTHSAHFKVDLDVAGLENWVWAEDMVFVPMAVPWSPEHQLQQVTRKAAFLVGSATPRYLYLASNHSNKGYRIQMLSFAGEPLPQNSSMARGFSWEREEPSSSSVFNQNDPWAPTVD
0:171	KLVPFLKKVGFSPKKDIHFMPCSGLTGANIKEQSDFCPWYTGLPFIPYLDN	KLVPFLKKVGFSPKKDIHFMPCSGLTGANIKEQSDFCPWYTGLPFIPYLDN
0:0	ELTQQLNALFQDKL-GEVNTYAGDLQKKLVPFATELHERLAKDSEKLKEEIGKELEELRARLLPHANEVSQKIGDNLRELQQRLEPYADQLRTQVNTQAEQLRRQLTPYAQRM	ELQQRLEP-YADQLRTQVNTQAEQLRRQLTPYAQRMERVLRENADSLQ-----------ASLRPHADELKAKIDQNVEELKGRLTPYADEFKVKIDQTVEELRRSLAPYAQDT
0:99	YQQGDFGYCPRVYCENQPMLPIGLSDIPGEAMVKLYCPKC	YQQGDFGYCPRVYCENQPMLPIGLSDIPGEAMVKLYCPKC
0:488;504:0	DDFTTWTQLAKCLHIWDLDVRGNHRGLWRLFRKKN	DDFTTWTQLAKCLHIWDLDVRGNHRGLWRLFRKKN
0:41	DSAVEVCVVYGNYSQQLQVYSKTGFNCDGKLGNESVTFYLQNLYVNQ	DSAVEVCVVYGNYSQQLQVYSKTGFNCDGKLGNESVTFYLQNLYVNQ
0:171	KLVPFLKKVGFNPKKDIHFMPCSGLTGANLKEQSDFCPWYIGLPFIPYLDN	KLVPFLKKVGFNPKKDIHFMPCSGLTGANLKEQSDFCPWYIGLPFIPYLDN
0:315	DGKINAWDLYYYMTQTEELKYSIDQEFLKEYFPIEVVTEGLLNTYQELLG	DGKINAWDLYYYMTQTEELKYSIDQEFLKEYFPIEVVTEGLLNTYQELLG
0:275	GYTFLRAMVFFMAIVVAYVPEGLLATVTVCLSLTAKRLASKNCVVKN	GYTFLRAMVFFMAIVVAYVPEGLLATVTVCLSLTAKRLASKNCVVKN
0:362	AEEPQEHIHIQWVDDDKNVSKGVVSPIDGKSMETIT	XXXXXEHIHIQWVDDDKNVSKGVVSPIDGKSMETIT
0:0;34:5;65:0	INKTKVLKMIFVHLIIFCFCFVPYNINLILYSLVVNCSVVAAVRTMYPITLCIAVSNCCFDPIVY	LNKKKILRMIIVHLFIFCFCFIPYNVNLVFYSLVKGCAAESVVRTIYPIALCIAVSNCCFDPIVY
0:91	YELRVDLRDHGETAFAVYDKFSVGDAKTRYKLKVEGYSGTAGDSMA	YELRVDLRDHGETAFAVYDKFSVGDAKTRYKLKVEGYSGTAGDSMA
0:283	PKVLEFNCRFGDPECQVILPLLKSDLYEVIQSTLDGLLCTSLPVWLENHTALTV	PKVLEFNCRFGDPECQVILPLLKSDLYEVIQSTLDGLLCTSLPVWLENHTALTV
0:276	HKPITMTIPVPKASSDVMLNGFGGDAPTLRLLCSITGGTTPAQWEDITGTTPLTFVNECVSFTTN	HKPITMTIPVPKAXXXXXXXXXXXXXPTLRLLCSITGGTTPAQWEDITGTTPLTFVNECVSFTTN
0:88	KEILKEQENRKGLIAAICAGPTALLAHEIGFGSKVTTHPLAKDKMMNGGHYTY	KEILKEQENRKGLIAAICAGPTALLAHEIGFGSKVTTHPLAKDKMMNGGHYTY
0:109	AFPTGCSLNNCAAHYTPNAGDTTVLQYDDICKIDFGTHISGRIID	AFPTGCSLNNCAAHYTPNAGDTTVLQYDDICKIDFGTHISGRIID
0:145	LENKNLVHGNVCGRNILLARLGLAEGTSPFIKLSDPGVGLGALSREERVERI	LENKNLVHGNVCGRNILLARLGLAEGTSPFIKLSDPGVGLGALSREERVERI
0:104	LYNVISLEFSHTRLENMVQRPSTVDFIDWVDNMWPRHLKESQTESTNAILEMQYP	LYNVISLEFSHTRLENMVQRPSTVDFIDWVDNMWPRHLKESQTESTNAILEMQYP
0:54	NVLDDPELRQGIKDYSNWPTIPQVYLNGEFVGGCDILLQMHQNG	NVLDDPELRQGIKDYSNWPTIPQVYLNGEFVGGCDILLQMHQNG
0:27	VEVGPKTYIRQDNERVLFAPMRMV	VEVGPKTYIRQDNERVLFAPVRMV
0:68	LVNVELWTIIQKHYPRECKLRAS	LVNVELWTIIQKHYPRECKLRAS
0:579;621:0	EAFFPDMVNMVVLGKYLGIPKPYGPIINGRCCLEEKVQSLLEPLGLHCIFIDDYLSYHE	EAFFPDMVNMVVLGKYLGIPKPYGPIINGRCCLEEKVQSLLEPLGLHCIFIDDYLSYHE
0:0	DLKESSNSVSNHQLSGFDQARLYSCLDHMREVLGDAVPDE	DLRESSNSLLNHQLSEIDQARLYSCLDHMREVLGDAVPDD
0:140	MKFIVSIDLMELSLNLDSKKYERISWSFKEKKPLKFD	MKFIVSIDLMELSLNLDSKKYERISWSFKEKKPLKFD
0:70;100:3	SITEEVLDHMGTFRSILDQLDWIVNKFKEDELFLLIHNLDSQMLRGEKSQ	SITEEVLDHMGTFRSILDQLDWIVNKFKEDELFLLIHNLDSQMLRGEKSQ
0:12	LGSYTCQCLPGFKLKPE----DPKLCTDVNECTS-GQN	TA---CRCNPGFSSFSEIITTPMETCDDINECATLSKV
0:4	ANSIKQMLLDWCRAKTRGYEHVDIQNFSSSWSDGMAFCALVHNFFPEAFDYGQLSP	SSGIKQMLLDWCRAKTRGYEHVDIQNFSSSWSDGMAFCALVHNFFPEAFDYGQLSP
0:78	EYQVETIVDTLCTNMLSDKEQLRDISSIGLKTVIGELPPASSGSALAANVCKKITGRLTSAIAKQEDVSVQLEALDIMA	EYQVETIVDTLCTNMLSDKEQLRDISSIGLKTVIGELPPXXXGSALAANVCKKITGRLTSAIAKQEDVSVQLEALDIMA
0:0	ELRAATKLTEEKYELKEGQTLDVK	ELRAATKLTEEKYELKEGQTLDVK
0:0;30:82	GCARWCPQDSSCVNATACRCNPGFSSFSEILGSYTCQCLPGFKLK	GCARWCPQDSSCVNATACRCNPGFSSFSEIVGSYSCRCRPGWKPR
0:85	RECKLRASGQESEEVADDYQPVRLLSK	RECKLRASGXXXXXXXXXYQPVRLLSK
0:0	GVRVSPTGEKVTHTGQVYDDKD	GVRVSPTGEKVTHTGQVYDDKD
0:146	HHFSLDVQTGDNGAINPELVLERALDREEEAAHHL	RHFSLHLQTGDDGTINPELVLERTLDREEEPTHHL
0:804	GTLIAMGLSVAVAFSVMLLTTWNIIISL	GTLIAMGLSVAVAFSVMLLTTWNIIISL
0:141;151:10	HPPLRLRSMYMSPVTSAHAGTYRCYGSYSSNPHLLSFPS	DAPLRLRSIHMSPVTSAHAGTYRCYGSLNSDPYLLSHPS
0:430	DNIIDLVKKYILALWNEGYIMGFISKERERAILSTK	DNIIDLVKKYILALWNEGYIMGFISKERERAILSTK
0:227;241:6	EYCNPYRLVWQSKVGPQTDESIKGLCERGRKNILLVPIAFTSDHIETLYELDIEYSQVLAKECGVENI	EYCNPYRLVWQSKVGPQTDESIKGLCERGRKNILLVPIAFTSDHIETLYELDIEYSQVLAKECGVENI
0:167	LHKYLEKGKETLLHLEPPKTHVTHHPISDHEATLRCWALGF	LHKYLEKGKETLLHLEPPKTHVTHHPISDHEATLRCWALGF
0:187	FVVTLDEVELIHFERVQFHLKNFDMVIVYKDYSKKVT	FVVTLDEVELIHFERVQFHLKNFDMVIVYKDYSKKVT
0:3	VFSLPQYQVTVPENVPVGTRLLTVHAIDLDEGVNGEVTYSFRKIT	VFTQPEYHISVKENLPVGTRLLTIKATDPDEXXXGEVTYSFRNVR
0:16	NTLSITKGEKLRVLGYNQNGEWSEVRSKNGQGWVPSNYITPVNSLEK	NTLSITKGEKLRVLGYNHNGEWCEAQTKNGQGWVPSNYITPVNSLEK
0:268	LVNDPRPQHKYNKLYTVEYLSNMVGGRKT	LVNDPRPQHKHNKLYTVEYLSNMVGGRKT
0:108	GVQINEEFCQRLRDGTRMRAPELATPAIRRIMLNCWSGDPKARPAFSELVEILGDLLQG	GVKIDEEFCRRLKEGTRMRAPDYTTPEMYQTMLDCWHGEPSQRPTFSELVEHLGNLLQA
0:1	KWKVFIDQINRSLENYEPCSSQNCSCYHGVIEEDLTP	KWKVFIDQINRSLENYEPCSSQNCSCYHGVIEEDLTP
0:307	LKVLKMFTDFLSFMVLFNFIIPVSMYVTVEMQ	LKVLKMFTDFLSFMVLFNFIIPVSMYVTVEMQ
0:233	EGIAVDGGSDWFLLNRRFVEYVTFSTDDL	EGIAVDGGSDWFLLNRRFVEYVTFSTDDL
0:409	INLSEPKLGASQITVQSGEDGTEYN	INLSEPKLGASQITVQSGEDGTEYN
0:175	LAGTLEDASFWEQKMDFSHWPHVLPLEPGGCIDF	LAGTLEDASFWEQKMDFSHWPHVLPLEPGGCIDF
0:0	SPYTLSKRINGKWSGQSAGGCGNFQETHKNNP	SPYTLSKRINGKWSGQSAGGCGNFQETHKNNP
0:7	LHLITRNLQEVLGEEKLKEILKERELKIY	LHLITRNLQEVLGEEKLKEILKERELKIY
0:377	VLQLLVKLFETEHSQLDVMEQLELKKT	VLQLLVKLFETEHSQLDVMEQLELKKT
0:229;259:0	YCINFNQDASLICVSSDHGTVHIFAAEDPKRNKQSSLASASFLPKYFSSKW	YCINFNQDASLICVSSDHGTVHIFAAEDPK------------------SKW
0:30	LPYHIYFILTAIYQQLNRWKYIQQVYLASFWL	LPFHIFFLLPYINPDLYLKKFIQQVYLAIMWL
0:28	LIKGTKVIVMEKCSDGWWRGS	LIKGTKVIVMEKCSDGWWRGS
0:178	WSEDPIPESVIQNYNKALQQLEKYKPYEEALLQAE	WSEDPIPESVIQNYNKALQQLEKYKPYEEALLQAE
0:29	FLHLHGKTFDYKIPYTTVLRLFLLPHKD	FLHLHGKTFDYKIPYTTVLRLFLLPHKD
0:55	NVTNILIVNLSFSDLLVAIMCLPFTFVYTLMDHW	NVTNILIVNLSFSDLLVAIMCLPFTFVYTLMDHW
0:228	VSWAMLVARTCQLYPNAIASTLVHKFFLVFSK	VSWAMLVARTCQLYPNAIASTLVHKFFLVFSK
0:0	QIHVDTMKVINDPIHGHIELHPLL	QIHVDTMKVINDPIHGHIELHPLL
0:263	VYDAGVPGHLCDGQWHKVTANKIKHRIELTVDGNQVEAQSPNP	IYDAEIPGHMCNGQWHKVTAKKIKNRLELVVDGNQVDAQSPNS
0:47	GTGSFFPKGEDFYCVTCHETKFA	GTGSFFPKGEDFYCVTCHETKFA
0:174	DPLKIFLYHDGLVRMGTEKYIPPNESNLTQLYMHLTNYS	DPLKIFLYHDGLVRMGTEKYIPXXXXXXXXXXXXXXXXX
0:101	DAQEHIYKLMKSDSYPRFIRSSAYQEL	DAQEHIYKLMKSDSYPRFIRSSAYQEL
0:8	VALVDMDCFFVQVEQRQNPHLRNKPCAVVQYKSW	VALVDMDCFFVQVEQRQNPHLRNKPCAVVQYKSW
0:57	SLTEKVSLYRGDIT	SLTEKVSLYRGDIT
0:562	IWEMNHNAEILKTKFTKSVINSKASLTYAEAQLRID	IWEMNHNAEILKTKFTKSVINSKASLTYAEAQLRID
0:51	LQHRYQQLQRLVHPDFFSQRSQTEKDFSEK	LQHRYQQLQRLVHPDFFSQRSQTEKDFSEK
0:30	YVMTTLLFSDKNVNSNLITWNRVVLLHGPPGTGKTSLCKALA	YVMTTLLFSDKNVNSNLITWNRVVLLHGPPGTGKTSLCKALA
0:227	VSWAMLVARTCQLYPNAVASTLVRKFFLVFS	VSWAMLVARTCQLYPNAIASTLVHKFFLVFS
0:32;57:4	RCNDCGESFSQSSDLIKHQRTHTGECPECG	KCPECGKSFSQSSDLQKHQRTHTGECPECG
0:82	WNSDNVAAGYDIALLRLAQSVTLNSYVQLG	WNTDDVAAGYDIALLRLAQSVTLNSYVQLG
0:404	LTVVSQVLCFLAIEWYLPLLVSALVLGWLNL	LTVLSQVLCFLAIEWYLPLLVSSLVLGWLNL
0:299	LQSQLLSLEKEVEEYKNFRPDDPTRKTK	LQSQLLSIEKEVEEYKNFRPDDPARKTK
0:316	WNNEYIMSLISDNAAKILPI	WNNEYIMSLISDNAAKILPI
0:89	VMSLSTILAAIVNHLQNSIQEDKLSGDRIKQVME	VMSLSTILAAXVNXXXNSXXXXXXXXXRIKQVME
0:312	WNNEYIMSLISDNAARVLPI	WNNEYIMSLISDNAAKILPI
0:66	NQENVLEITLMDANYVMDETLGTATFTVSSMKVGEKKEVPF	NQENVLEITLMDANYVMDETLGTATFTVSSMKVGEKKEVPF
0:142	YEARERHVAERLLMHLEEMQHTISTD	YEARERHVAERLLMHLEEMQHTISTD
0:300;314:8;327:82	VVLEPLNKLLQAKWLNFLCLTVVSQVLCFLAIEWYLPLLVSAL	VVLEPLNKLLQAKWFNFLCLTVLSQVLCFLAIEWYLPLLVSSL
0:219	IWPAGFVCDGCLKKSARTRKENKFS	IWPAGFVCDGCLKKSARTRKENKFS
0:70	DFSEGNGKGGESIYGGYFKDENFILKHD	DFSEGNGKGGESIYGGYFKDENFILKHD
0:56	LTIYTTLVGLLNARNY	LTIYTTLVGLLNARNY
0:124	LLSNVLCRLCSKYHVGHVDV	LLSNVLCRLCSKYHVGHVDV
0:304	YPLIPVGKLVLNRNPVNYFAEVEQIAFDPS	YPLIPVGKLVLNRNPVNYFAEVEQIAFDPS
0:0	DSKTNLIVNYLPQNMTQDEFKSL	DSKTNLIVNYLPQNMTQDEFKSL
0:0	SKTNLIVNYLPQNMTQEEFRSL	SKTNLIVNYLPQNMTQEEFRSL
0:489	EETLRGNPVLQLNPALPGVFGGPYPF	EETLLGSSVLQLNPAIPGVFGGPYPF
0:21	KITNFTTSWRNGLSFCAILHHFRPDLIDYKSLNPQDIKEN	KITNFTTSWRNGLSFCAILHHFRPDLIDYKSLNPQDIKEN
0:0;8:2;18:1	VVADAGAFHAALQDIGNIYTIREVVTEIRDKATRRRLAVLPYELRFKEPLPEYVRLVTEFSKKT	VVADAGAFHAALQDIGNIYTIREVVTEIRDKATRRRLAVLPYELRFKEPLPEYVRLVTEFSKKT
0:584;590:7;624:0	LKNCVLTDERAYQRQLVMTMGVADSQLFFYPQLLPIHTLDVKSTMLP	LKNCVLTDERAYQRQLVMTMGVADSQLFFYPQLLPIHTLDVKSTMLP
0:72	DFSEGNGRGGESIYGGFFEDESFAVKHN	DFSEGNGRGGESIYGGFFEDESFAVKHN
0:256	YPEFVRSLNMSWRENCEASTYLG	YPEFVRSLNMSWRENCEASTYPG
0:237;251:13;282:3	ADGKPIARKARRHKDAGLYECVAENSRGKNVALTFYAQPNWIQKINDIHVAMEENVFWECKA	ADGKPIARKARRHKDAGSYECVAENSRGKNVALTFYAQPNWVQIINDIHVAMEESVFWECKA
0:307	WNNEYILSLIEENIDKILPI	WNNEYILSLIEENIDKILPI
0:171;197:12	KFSPSSRYHLAFGCADHCVHYYDLRNKAVSYAKFVSGEEI	KFSPSSRYHLAFGCADHCVHYYDLRNKAVSYAKFVSGEEI
0:37	LGCAAAPPAPFRLLWP	LGCAAAPPAPFRLLWP
0:21	NMKHGQISTKELADFVRERATI	NMKHGQISTKELADFVRERATI
0:270	TQPVNLADYTWEEVFR	TQPVNLADYTWEEVFR
0:398	VAFAKFYEDNGQLDDARVILEKATKVN	VAFAKFYEDNGQLDDARVILEKATKVN
0:80	FVLNAAQCSMPLHVAPLLAAAGLHASPMSADRVVAFMDH	FVLNAAQCSMPLHVAPXXXXXXXXXXXXXXXXXVAFMDH
0:141	RYQSTVNAYKTIAREEGFRGLWKGT	RYQSTVEAYKTIAREEGIRGLWKGT
0:0	RGCARWCPQDSSCV	RGCARWCPQDSSCV
0:99	EGNRAYSQYDRFHIGNEKQN	EGNRAYSQYDRFHIGNEKQN
0:165	FQRTKEHCLMGIKGTVKRSTDGDFIH	FQRTKEHCLMGIKGTVKRSTDGDFIH
0:0	LVTETQVIRETLWLLSGVKKLFIFQLIDGKVTVRN	IVTETQVIRETLWLLSGVKKLLIFQLNDGKVNVRN
0:80	FVLNAAQCSMPLHVAPLLAAAGLHASPMSADRVVAFMDH	FVLNAAQCSMPLHVAPXXXXXXXXXXXXXXXXXVAFMDH
0:0;7:3;21:13;40:2	IINGEDCSQPWQAALVMEWVLSAAFQNSYTIGLGLHSL	IINGEDCSQPWQAALVMEWVLSAAFQNSYTIGLGLHSL
0:318	SIHGIEGAFDEPGTKTVIPGRVIGKFSIRLVP	SIHGIEGAFDEPGTKTVIPGRVIGKFSIRLVP
0:250	GFVDLPEYPFGLESRVATRWDIQKYAR	GFIDLPEFPFGLEPRVATRWDIQKYAR
0:138	LTFCGPKIQTGLDATHAERAIPVSREEK	LTFCGPKIQTGLDATHAERAIPVSREEK
0:138	LTFCGPKIQTGLDATHAERAIPVSREEK	LTFCGPKIQTGLDATHAERAIPVSREEK
0:81	LAFPLTIRCFLGCELPPEGSRAHV	LAFPLTIRCFLGCELPPEGSRAHV
0:275	GIRFKSYCSNLVRTLMVDPS	GIRFKSYCSNLVRTLMVDPS
0:152	VCRLEDRDYVVYSSVCSFFL	VCRLEDRDYVVYSSVCSFFL
0:478;498:2	TEETGVPLLLVDTAGCGLFEEEDEQSKGNPGEVRLVSLHIQALVDAGVPAR	TEETGVPLLLVDTAGCGLFEEEXXQSKGNPGEVRLVSLHIQALVDAGVPAR
0:1045	YTVCDVALCVINSKSALCNAD	YTVCDVAXNIIXSKSTTYSLE
0:48	LNDSNTTVLGGEVEHLIEKW	LNDSNTTVLGGEVEHLIEKW
0:109	GVQINEEFCQRLRDGTRMRAPELATPAIRRIMLNCWSGDPKARPAFSELVEILGDLL	GVQMDEDFCSRLREGMRMRAPEYSTPEIYQIMLDCWHRDPKERPRFAELVEKLGDLL
0:104	PENLLDNDPSFFCRFTVVVATQLPESTSLRLADVLWN	PENLLDNDPSFFCRFTVVVATQLPESTSLRLADVLWN
0:277	SSDVMLNGFGGDAPTLRLLCSITGGTTPAQWED	S---------GDAPTLRLLCSITGGTTPAQWED
0:10	MWVLALIVIFLTIAVLLALRFCG	MWVLALIVIFLTIAVLLALRFCG
0:1	SALRIKILCATYVNVNIRDIDKIYVRTGIYHGGEPLCDNVNTQRVP	SALRIKILCATYVNVNIRDIDKIYVRTGIYHGGEPLCDNVNTQRVP
0:35	SEHVGSRTQDECILHFLRLPIEDPYLEDSEA	SEHVGSRTQDECILHFLRLPIEDPYLENSDS
0:254	GITPLHVASKRGNTNMVKLL	GITPLHVASKRGNTNMVKLL
0:1;11:17	KDSEKLKEEIVSQKIGDNLRELQQRLEPYADQLRTQVNTQAEQLRRQLTPYAQRM	KDSEKLKEEIVSQKIGDNLRELQQRLEPYADQLRTQVNTQAEQLRRQLTPYAQRM
0:114	LTSHTMRFNAFILGLLNIRSLEFWFN	LTSHTMRFNAFILGLLNIRSLEFWFN
0:2	ITPLHVASKRGNTNMVKLLLDRGGQIDAK	ITPLHVASKRGNTNMVKLLLDRGGQIDAK
0:190	FFIVETLCIIWFSFEL	FFIVETLCIIWFSFEF
0:191	FFVVETLCIIWFSFEL	FFIVETLCIIWFSFEF
0:190	FFIVETLCIIWFSFEF	FFIVETLCIIWFSFEF
0:222	FFLVETLCIVWFTFEL	FFIVETLCIIWFSFEF
0:167	GLKLNAFAAVFTVLSGLL	GLKLNAFAAVFTVLSGLL
0:0	PVGFIGLGN	PVGFIGLGN
0:133	KPANVFITATGVVKLGD	KPANVFITATGVVKLGD
0:69	LLTSMRVHEVAEFWCDTIHTGVYPILSRSLRQ	LLTSMRVHEVAEFWCDTIHTGVYPILSRSLRQ
0:192	INGRSYDEKVDVFSFGIV	INGRSYDEKVDVFSFGIV
0:32	YGLNMCRQCFRQYAKDIGFIKLD	YGLNMCRQCFRQYAKDIGFIKLD
0:244	IYGHVTCMRSQRNYMV	IYGHVTCMRSQRNYMV
0:6	CKPHSRPYMAYLEIVTSN	CKPHSRPYMAYLEIVTSN
0:655	NFLSPEK	NFLSPEK
0:77	LLCRQNIQSHLGEALIQDLINYCLS	LLCRQNIQSHLGEALIQDLINYCLS
0:97	AAIVNHLQNSIQEDKLSGDRIKQVME	AXXXXXXXXXXXXXXXXXDRIKQVME
0:42	LLMTIIRFVLPLQDH	LLMTIIRFVLPLQDH
0:6	PFTNLPHTPRYYDILKK	PFTNLPHTPRYYDILKK
0:294	LQSQLLSLEKEVEEYKN	LQSQLLSIEKEVEEYKN
0:85	YPFEIQILAGCRMNA	YPFEIQILAGCRMNA
0:23	FLPFLWLVNIFWFFRE	FLPFLWLVNIFWFFRE
0:33;40:13	ISNASDAKLDSGKELKID	ISNASDAKLDSGKELKID
0:0;6:3	REKYLKRELVTYLLF	REKYLKRELVTYLLF
0:331	SALRIKILCATYVNVNIRDI	SALRIKILCATYVNVNIRDI
0:485	LLPFWYTLLYQAHRE	LLPFWYTLFYQAHKE
0:608	SSIYHQNDPWHP	SSIYHQNDPWDP
0:308	SSCNYNHHLDVVDNLT	SGCNVNHHVDVVDQLT
0:56	SIMDCKMGSRTYLE	SIMDCKMGSRTYLE
0:129	FCMLLMLFIFIFSI	FCMLLMLFIFIFSI
0:107	CAPFYVGCKPPQIVVKC	CAPFYVGCKPPQIVVKC
0:447	NVYIFPGVALAVILCNTRH	NVYIFPGVALAVILCNTRH
0:260	ILSSIELLQHSLPKINRSASEPSLHRAA	ILASIELLARSLPKIHRSAXEPSLNRAG
0:32	LPFVVTDLRGRNLRP	LPFVVTDLRGRNLRP
0:5	NDPIHGHIELHPLL	NDPIHGHIELHPLL
0:76;81:1	CANCKEAIFYCCWNTSYCD	CANCKEAIFYCCWNTSYCD
0:194	LNFRGRVTQASVKNFQI	LNFHGRVTQASVKNFQI
0:13	EGTEPEDELEDDKISLPFVVTDLRGRNLRP	XXXXXXXXXXXXKISLPFVVTDLRGRNLRP
0:37	PLHFYRDW	PLHFYRDW
0:262	ILSSIELLQHSLPK	ILSSIELLQHSLPK
0:351	TISKSATTPEPNKKPENKPAEAKKT	XXXXXXXXXXXXXXXXXXXXXXXKT
0:111;117:6	KIGMEIVDYINFLK	KIGMEIVDYINFLK
0:152	GVVKLGD	GVVKLGD
0:314	DDPTRKT	EDPTRKT
0:182;187:7	MCRQSINAVSF	MCRQTINAICF
0:320	LNFLCNLIYMF	FNFACYLVYMF
0:4	DFYLCEMAF	DFYLCEMAF
0:194	RVERI	RVERI
0:272	PVNLADYT	PVNLADYT
0:0	GKTSWE	GKTSWE
0:11	FAFQA	FAFQA
0:186	VEKLN	VDKLN
0:300	LEKEV	IEKEV
0:7	ECGKGFRDSSHFVAHMSTHSGERPFSCPDCHKSFSQSSHLVTHQRTHTG	ECGKSFSQSSNLQKHQRTHTGEKPYKCPECGKSFSQSSDLQKHQRTHTG
